n_informative,seed,mlp_accuracy,mlp_std_accuracy,mlp_precision,mlp_std_precision,mlp_recall,mlp_std_recall,mlp_f1,mlp_std_f1,mlp_time,benchmark_accuracy,benchmark_std_accuracy,benchmark_precision,benchmark_std_precision,benchmark_recall,benchmark_std_recall,benchmark_f1,benchmark_std_f1,benchmark_time,vqc_accuracy,vqc_std_accuracy,vqc_precision,vqc_std_precision,vqc_recall,vqc_std_recall,vqc_f1,vqc_std_f1,vqc_time
2,42,0.9,0.03146426544510455,0.9117454382184361,0.06603000497380854,0.8837207806978966,0.027808683512203006,0.8961280443057186,0.03630602399836383,0.09845717484131455,0.917,0.019390719429665308,0.9302032305755711,0.04216839818747281,0.9010327346499987,0.02014676639385327,0.9146915586313314,0.021316577229268312,0.4235317915678024,0.7530000000000001,0.019390719429665332,0.7944225205261111,0.05766025036649001,0.6959101081943622,0.06984526843069362,0.7364738480286762,0.022616528694389355,330.42575880018995
3,42,0.9289999999999999,0.015297058540778322,0.9354248915345547,0.03211869656058955,0.9184122696812909,0.013428866547594802,0.9266164237992477,0.019777201759733475,0.04743743296712637,0.95,0.011401754250991351,0.952502052545156,0.01685909714033017,0.9444926456221829,0.02254388324320273,0.9483145317509061,0.015683131272815152,0.49250439144670966,0.799,0.04140048308896889,0.8109149945281328,0.04032749157065074,0.80140354597838,0.0515103887061919,0.8045701475346642,0.029967403701384357,350.24165408313274
4,42,0.883,0.0828009661779378,0.918646852843179,0.017754762998805663,0.8404856120276722,0.18622455381637673,0.8647299042964678,0.12208113342991894,0.17321359179913998,0.9259999999999999,0.01392838827718408,0.9389577088340575,0.015451869061032256,0.9124826099187564,0.015493948658632956,0.9254251498796057,0.01193935868645237,0.41533916667103765,0.818,0.03140063693621514,0.822534343669368,0.02157293188171761,0.806149184933429,0.062026814457448294,0.8126775218164124,0.03302936816238119,331.27106053344903
