comparison,metric,benchmark_mean,mlp_mean,cohens_d,effect_size,vqc_mean,vqc_fm_mean
benchmark_vs_mlp,time,0.6317978383274749,0.19034561672247943,2.9950943852509333,Large,,
benchmark_vs_vqc,time,0.6317978383274749,,-59.607391291577265,Large,1466.791532303388,
benchmark_vs_vqc_fm,time,0.6317978383274749,,-81.10668966796476,Large,,1167.2104035701557
mlp_vs_vqc,time,,0.19034561672247943,-59.705705994625895,Large,1466.791532303388,
mlp_vs_vqc_fm,time,,0.19034561672247943,-81.25363881578802,Large,,1167.2104035701557
vqc_vs_vqc_fm,time,,,20.470354231984214,Large,1466.791532303388,1167.2104035701557
